{
  "os": "Linux-6.1.123+-x86_64-with-glibc2.35",
  "python": "CPython 3.11.12",
  "startedAt": "2025-05-26T20:25:54.671386Z",
  "program": "Main.ipynb",
  "email": "abubakaralamin100@gmail.com",
  "root": "/content",
  "host": "b1be21f891e5",
  "executable": "/usr/bin/python3",
  "colab": "https://colab.research.google.com/notebook#fileId=1G651CTejZv76jBesRe8pfNggCgfre8ZG",
  "cpu_count": 1,
  "cpu_count_logical": 2,
  "gpu": "Tesla T4",
  "gpu_count": 1,
  "disk": {
    "/": {
      "total": "120942624768",
      "used": "45401276416"
    }
  },
  "memory": {
    "total": "13608370176"
  },
  "cpu": {
    "count": 1,
    "countLogical": 2
  },
  "gpu_nvidia": [
    {
      "name": "Tesla T4",
      "memoryTotal": "16106127360",
      "cudaCores": 2560,
      "architecture": "Turing"
    }
  ],
  "cudaVersion": "12.4"
}